err_in,cpu,ext4:ext4_ext_load_extent,sched:sched_waking,net:netif_rx,task:task_newtask,armv7_cortex_a7/l1d_tlb_refill/,napi:napi_poll,timer:timer_start,mmc:mmc_request_done,block:block_dirty_buffer,branch-instructions,minor-faults,irq:softirq_exit,armv7_cortex_a7/cid_write_retired/,dTLB-store-misses,err_out,armv7_cortex_a7/l2d_cache/,ioreadbytes,ext4:ext4_unlink_enter,branch-misses,ext4:ext4_free_inode,armv7_cortex_a7/br_mis_pred/,instructions,seconds,writeback:wait_on_page_writeback,armv7_cortex_a7/l2d_cache_wb/,writeback:sb_clear_inode_writeback,armv7_cortex_a7/exc_return/,write_merge,LLC-store-misses,armv7_cortex_a7/ld_retired/,armv7_cortex_a7/exc_taken/,rpm:rpm_return_int,armv7_cortex_a7/br_immed_retired/,tcp:tcp_probe,filemap:mm_filemap_delete_from_page_cache,ext4:ext4_es_lookup_extent_enter,raw_syscalls:sys_enter,context-switches,workqueue:workqueue_execute_start,read_merge,cache-misses,page-faults,armv7_cortex_a7/mem_access/,armv7_cortex_a7/inst_retired/,writeback:global_dirty_state,LLC-load-misses,dTLB-load-misses,block:block_bio_remap,LLC-stores,armv7_cortex_a7/l1d_cache/,cpu-migrations,ext4:ext4_evict_inode,block:block_touch_buffer,jbd2:jbd2_checkpoint_stats,kmem:kfree,drop_out,ext4:ext4_sync_file_enter,kmem:kmem_cache_alloc,random:credit_entropy_bits,L1-icache-load-misses,block:block_bio_frontmerge,sched:sched_stat_runtime,armv7_cortex_a7/bus_cycles/,armv7_cortex_a7/unaligned_ldst_retired/,iTLB-load-misses,armv7_cortex_a7/pc_write_retired/,jbd2:jbd2_handle_stats,ioread,bus-cycles,LLC-loads,iowritetime,timer:tick_stop,armv7_cortex_a7/l1d_cache_wb/,timer:timer_init,drop_in,armv7_cortex_a7/br_pred/,net_in,cache-references,ext4:ext4_writepages_result,L1-icache-loads,memory,pagemap:mm_lru_activate,armv7_cortex_a7/l1i_tlb_refill/,ext4:ext4_journal_start,pkt_in,branch-loads,iobusytime,kmem:mm_page_alloc_zone_locked,L1-dcache-loads,L1-dcache-load-misses,branch-load-misses,sched:sched_process_exec,iowritebytes,fib:fib_table_lookup,ext4:ext4_da_update_reserve_space,pkt_out,cpu-cycles,gpio:gpio_value,armv7_cortex_a7/cpu_cycles/,ioreadtime,ext4:ext4_releasepage,time,filemap:mm_filemap_add_to_page_cache,L1-dcache-stores,armv7_cortex_a7/l1i_cache/,kmem:mm_page_free,armv7_cortex_a7/st_retired/,timer:timer_cancel,armv7_cortex_a7/l1i_cache_refill/,armv7_cortex_a7/l1d_cache_refill/,iowrite,net_out,L1-dcache-store-misses,block:block_split
1,26.3,0,418872,98,8,9263,98,1830,1185,0,735221690,1603,5816,1324,23166,1,320313961,1,0,70016284,0,64674386,6584979668,5.009384889,0,225524,0,986893,1,2921138,1304194150,732033,729,711477696,90,0,0,433347,657671,370,1,45002964,1603,3442737469,6545954884,0,2677857,18121,0,322868647,3371000909,7,0,0,0,23109,1,0,4181,158,228398253,0,5075854567,5597347816,1240944,17431,708502581,0,1,5365728790,324376764,1,173191,41443847,200,1,1057079169,1,3397178409,0,5136108758,22.6,0,8028,0,1,1057039790,1,467,3352360565,46738195,64791503,7,1,3,0,1,10447459792,5,10639355818,1,0,1626560754,0,3354553995,5187142391,911,846908561,1831,236354633,40247575,1,1,46066855,0
0,20.1,0,424946,95,8,18596,95,1740,1126,0,756342702,1605,5480,1357,9183,0,343321312,0,0,68571579,0,71101607,7028699897,5.009405980,0,256546,0,1105957,0,3975761,1393156857,800480,700,771422871,90,0,0,439481,704003,367,0,38706835,1605,3661982230,7325719037,0,3810082,13463,0,322363374,3712841133,2,0,0,0,23010,0,0,4177,156,247659193,0,5179554846,5697363376,1107421,11144,753794895,0,0,5683146817,321409115,0,219605,42183120,168,0,1169051362,13780,3619772475,0,5471649342,22.6,0,5901,0,193,1135491598,0,89,3594579624,37500743,68101618,7,0,14,0,212,11337198668,5,11499703928,0,0,1626560764,0,3596353604,5583188005,918,878268644,1739,246576662,37900722,0,196328,37237838,0
0,23.7,0,418083,97,8,35246,97,1773,1174,0,722284373,1614,5824,1587,10433,0,302269145,0,0,64706546,0,65486008,6647765249,5.009466590,0,432360,0,1017056,0,3707305,1334238258,749961,721,728976954,92,0,0,432609,666957,362,0,43332020,1614,3480617421,6776539972,0,3840693,10865,0,307100887,3488032696,5,0,0,0,23041,0,0,4179,156,229958895,0,4983900331,5397405854,1127862,9069,720615515,0,0,5372563404,307789786,0,184881,34320516,157,0,1087790644,9721,3419755578,0,5162545010,22.6,0,27633,0,184,1073464758,0,215,3393600432,40213860,64183895,7,0,8,0,204,10681232906,5,10882138083,0,0,1626560773,0,3393191934,5366620875,921,830860459,1777,240639286,34196283,0,195063,39078408,0
0,23,0,421295,104,7,26698,104,1849,1244,0,662021211,1011,5716,1269,5331,0,307452139,0,0,62202946,0,63079509,6268781392,5.064743852,0,439448,0,939433,0,776981,1274210933,710676,759,676056618,95,0,8,435190,631058,393,0,33925799,1011,3235614621,6296030439,0,740075,5370,0,287317752,3239338951,3,0,8,0,23111,0,0,2889,161,225571322,0,4819337403,5025270780,1171292,10364,663315785,0,0,4937961434,287507092,0,164750,32190075,154,0,1002180809,10811,3218701007,0,4967698205,22.7,0,19189,0,201,1005630976,0,22,3230088050,30484614,62885670,7,0,14,0,222,9741599036,9,9758724911,0,0,1626560782,0,3247459539,5036320033,414,771466539,1853,225054950,30698047,0,198244,30698927,0
0,22.8,0,426869,108,0,12261,108,1848,1215,0,746153823,5,5503,1256,6794,0,318460733,0,0,69942994,0,69760789,7027010056,5.009535886,0,174753,0,1065170,0,671821,1365403236,772538,743,743400587,95,0,0,438761,705337,369,0,30851411,5,3632025050,6916005631,0,574247,10143,0,314462937,3570053098,2,0,0,0,22760,0,0,1243,158,257353088,0,5459515209,5449481595,1086363,6257,737338605,0,0,5461229303,317131849,0,229610,30954071,179,0,1120325211,15673,3621543890,0,5499418238,22.6,0,5922,0,196,1114267218,0,0,3616537953,30474842,69263385,0,0,6,0,208,10887455279,4,10786233451,0,0,1626560792,0,3630825255,5482986203,68,877360836,1855,256495301,30263331,0,198274,30561888,0
0,24.5,0,430176,95,5,10972,95,1809,1145,0,750399625,882,5611,1384,20674,0,313960173,0,0,70061885,0,69966439,6974794075,5.011102479,0,188873,0,1085010,0,1248005,1360165430,790699,709,755530260,91,0,0,443843,706687,366,0,29570818,881,3635000135,7057269569,0,605028,28192,0,322149972,3643711250,7,0,0,0,23082,0,0,3363,158,252211234,0,5491816026,5474952158,1043746,10170,736542861,0,0,5477873431,315887730,0,222286,28917454,204,0,1132769613,9911,3610584312,0,5460684828,22.6,0,6675,0,187,1150107180,0,81,3559802888,29190127,72321426,4,0,7,0,215,10835320562,5,10975139741,0,0,1626560802,0,3559862208,5570910722,477,877615649,1811,260355794,29185420,0,197520,29041240,0
0,21.9,0,430724,105,5,13759,105,2122,1447,0,766382063,910,5924,6208,5911,0,328394967,0,0,73638695,0,71093841,7195506970,5.012463328,0,144689,0,1093145,0,642843,1392994802,791231,936,759344270,89,0,0,444869,713573,516,0,33805913,908,3710764403,7152095963,0,828762,7480,0,324184175,3686840721,3,0,0,0,23696,0,0,3713,164,259943783,0,5665292892,5729235329,1219925,11586,754408334,0,0,5654168432,321230588,0,223078,33261745,215,0,1136582604,13406,3711462685,0,5553428225,22.6,0,5925,0,180,1142435271,0,29,3683607405,33584903,70969321,5,0,3,0,194,11311980489,5,11094701000,0,0,1626560811,0,3661217668,5600215565,574,902173619,2127,261599661,33032823,0,185372,33711880,0
0,22.7,0,427647,98,5,28605,98,1856,1187,0,731282464,874,5606,1324,16376,0,313590132,0,0,69015146,0,69402315,6886881738,5.009563417,0,282832,0,1054967,0,689467,1353306110,773393,728,735896967,94,0,0,441804,695824,373,0,27590365,874,3595246123,6964934029,0,690754,15240,0,306446867,3587457652,7,0,0,0,23223,0,0,3336,157,250008820,0,5460112527,5340466276,1131995,7215,724978032,0,0,5348650531,305027664,0,214901,27947493,214,0,1105176412,10717,3571007411,0,5400590608,22.6,0,24115,0,199,1113145621,0,81,3536639297,27216664,69843277,4,0,7,0,216,10667773960,5,10739089787,0,0,1626560821,0,3536652724,5509824946,486,865497315,1857,257402708,27704453,0,200331,27267212,0
0,23.4,0,422480,110,8,34118,108,1883,1212,0,723777436,1642,5766,15442,13274,0,308461963,0,0,70559240,0,66397117,6778585604,5.009402028,0,299752,0,1028653,0,721103,1338462788,761381,754,717969483,99,0,0,438922,681056,389,0,30818083,1642,3567050139,6816040694,0,795543,12963,0,299488064,3521562027,7,0,0,0,23821,0,0,5208,159,241640654,0,5420525268,5477298404,1091881,8652,720867891,0,0,5422367827,300082063,0,200455,31074207,210,0,1085114533,14849,3510993908,0,5276427539,22.5,0,28216,0,199,1073325347,0,26,3469021771,29460842,66670411,6,0,3,0,215,10572643166,5,10525468921,0,0,1626560830,0,3471030965,5417153307,671,864805769,1886,248999064,30643962,0,202184,29511301,0
0,25.9,0,428810,97,5,11388,97,1756,1144,0,726326558,881,5836,1319,6388,0,310581371,0,0,70251559,0,68492249,6840322048,5.010910198,0,167386,0,1035355,0,772697,1320710947,760324,683,725832097,94,0,0,442825,684218,355,0,32630128,880,3512375586,6774645232,0,751157,7002,0,309371648,3489667609,6,0,0,0,23206,0,0,3512,157,245143053,0,5291518491,5336042640,1089556,11526,709700911,0,0,5439315942,308526537,0,206121,31733589,164,0,1088840627,9790,3526098194,0,5278055539,22.6,0,6349,0,186,1088145695,0,77,3473192604,31792652,68590492,4,0,6,0,209,10810879245,5,10559010680,0,0,1626560840,0,3469446804,5348519347,469,851646367,1758,248219155,31363844,0,198453,31297887,0
0,24.6,0,427698,118,16,13977,116,1983,1287,0,740785139,2129,6112,2007,33933,0,313352935,0,0,72058101,0,68055478,6930421947,5.009513661,0,245532,0,1054704,0,1545510,1369189191,769961,806,722132552,102,0,16,445130,693150,429,0,31531911,2129,3644225465,6843173501,0,1473745,39628,0,310958532,3543951971,7,0,16,0,24052,0,0,6089,161,254776207,0,5534634939,5471291103,1135108,11303,738947040,0,0,5521007082,314666412,0,195018,28459876,222,0,1093214923,16512,3576576157,0,5403574327,22.7,0,10140,0,211,1081463950,0,104,3554881136,31033543,68675978,14,0,14,0,219,10928619231,5,10637050465,0,0,1626560850,0,3563529049,5480009420,955,880785708,1985,253919629,28242564,0,199830,31608335,0
0,11.3,0,310244,116,18,66189,113,1727,1128,0,554434313,2569,5150,5220,30182,0,227877720,0,0,52120280,0,48886180,4827512747,5.011883530,0,466173,0,700958,0,1003164,961132326,530752,758,515309373,100,0,19,327794,472636,410,0,24296599,2567,2521598194,4683230240,0,891887,31206,0,217389357,2394412560,9,0,19,0,19321,0,0,9843,126,167404451,0,3953165554,4180165678,955019,20639,517253053,0,0,3935887822,217714797,0,120401,25665989,231,0,759587753,13835,2515491546,0,3684501210,22.6,31,40445,0,137,763126000,0,236,2452302507,23978779,49047117,15,0,41,0,149,7650350645,5,7280270219,0,0,1626560859,0,2450683868,3765365181,1725,633535307,1730,172544750,24508676,0,92871,24052483,0
0,3.9,0,1377,51,27,16491,46,733,373,0,90619680,4847,1656,348,17144,0,5279641,0,0,11438045,0,3806758,711520709,5.011918829,0,63001,0,60394,0,2937189,45537255,63295,274,49958501,27,0,26,10567,2510,215,0,16635045,4851,139894248,434711940,0,2984451,13930,0,24855190,190311193,8,0,26,0,2019,0,0,10723,28,4496192,0,377249716,691049318,74008,14598,36949576,0,0,991428264,26723266,0,762,1804187,227,0,60493386,9486,375618490,0,253843167,22.5,0,9177,0,61,58978205,0,198,241793017,18941996,2958933,24,0,22,0,51,1802557162,6,852571591,0,0,1626560868,0,167968151,182151369,2373,38214773,732,3630304,2069501,0,14290,15812603,0
0,4,0,1312,44,25,24821,39,663,311,0,60061152,4722,1648,153,84608,0,9880378,0,0,5098967,0,10828744,451178554,5.011327008,0,225368,0,90084,0,2727582,65857452,68507,210,106010587,26,0,26,9858,2389,186,0,20542675,4722,179809829,449893691,0,2495194,72196,0,27052711,178696491,10,0,26,0,1652,0,0,9721,27,3058515,0,334370829,353339114,83531,51175,48139524,0,0,386036695,29551357,0,725,6562053,234,0,155436756,4397,182660994,0,231953643,22.6,0,22568,0,48,67754417,0,375,154699845,22446383,3334246,23,0,22,0,44,897191236,6,1759401778,0,0,1626560876,0,139872606,308674848,2117,47011158,664,7889983,7263115,0,12229,19739315,0
0,3.7,0,1342,44,29,30420,37,678,312,0,49278081,5477,1631,210,150801,0,22553637,0,0,3990228,0,9878587,465231697,5.011481042,0,75127,0,94152,0,1976877,64382633,77266,237,110302794,31,0,26,12955,2400,194,0,1313515,5481,181553067,600403252,0,1126316,148315,0,63239150,256619659,16,0,26,0,2824,0,0,11631,30,4920858,0,484636624,443663084,83832,99828,58263105,0,0,250968079,52292947,0,694,12202103,250,0,130778703,9362,168608741,0,322948505,22.5,0,5381,0,56,138224577,0,323,182475051,3066216,9120711,25,0,23,0,47,727200895,5,1675780967,0,0,1626560885,0,180414076,288510758,2312,52658844,679,3523353,12089464,0,11496,6930677,0
0,15.2,0,140296,244,42,273452,228,1650,984,0,417882666,9711,5113,1889,176438,0,213597787,0,0,44635577,0,35667982,3537205612,5.009082954,0,1871289,0,628910,0,4285709,847707291,438549,609,375138012,58,0,7,217516,277780,346,0,18605065,9711,2157735061,3365822613,0,4059296,172153,0,184491095,1732019762,26,0,7,0,19371,0,0,18355,77,125269066,0,3772800324,3523506087,709532,106886,438686383,0,0,3252296919,192801602,0,104099,24735402,317,0,552160012,10599,1841891910,0,2683220841,23.4,3,210560,0,122,558974430,0,3441,1745579244,26031616,35871054,26,0,264,0,187,6107101993,5,5863050517,0,0,1626560893,0,1742670912,2881224733,3787,492970861,1652,144198305,23441438,0,132638,31811234,0
0,15.1,0,181696,255,3,33577,255,1672,1026,0,439103323,557,4515,2043,42174,0,183248755,8192,0,40283999,0,40279586,4090796568,5.012799566,0,1517773,0,793848,0,2177930,787586068,542939,611,434044397,10,0,0,252437,359730,357,0,13319329,557,2116094694,4007947204,0,2103626,42212,0,182329598,2064958689,9,0,0,0,14668,0,0,2861,65,154443406,0,4208642538,3211528692,672893,27072,440039409,0,2,3194215894,183419273,0,141845,13728417,262,0,654582470,13694,2086938264,0,3171667422,24,0,32190,0,132,658072079,30,1484,2085049099,13313508,40850821,2,0,335,0,208,6440281274,5,6378816312,6,0,1626560903,0,2089733546,3135020354,1649,506542218,1672,153332972,13205549,0,154946,13340714,0
0,15.1,0,185756,258,5,32080,258,1646,1001,0,439061448,1061,4601,1888,27273,0,186086330,0,0,39976310,0,40135172,4074330136,5.010599611,0,1666801,0,788107,0,2128702,777563114,539933,598,428876917,10,0,0,258584,359583,342,0,14037093,1061,2116386248,3926236473,0,2247546,27023,0,183178437,2036984884,12,0,0,0,14845,0,0,3582,65,154863186,0,4018435456,3171308494,634631,15997,439747459,0,0,3220464297,183558821,0,135189,14668329,256,0,643142102,15688,2092339532,0,3161096963,24,0,25495,0,138,642215146,0,1613,2079295268,13857657,39836172,4,0,339,0,211,6440042834,5,6334587211,0,0,1626560912,0,2076585206,3046208124,2132,506809421,1650,149996767,13670272,0,156329,13942750,0
0,27.6,0,173477,255,9,76553,257,1661,1006,0,583036312,3187,4777,2101,61448,0,171905145,0,0,50770364,0,48207864,5511831355,5.010915869,0,3358299,0,746220,0,4564488,1118746241,506758,605,567784732,10,0,0,221753,331481,334,0,15976458,3183,2415086207,5505340815,0,4361886,60138,0,175058711,2346219481,29,0,0,0,15764,0,0,4397,68,135321470,0,4693661017,4069113180,659525,25419,586082807,0,0,3897614065,173479807,0,108919,19627880,272,0,769908841,12633,2363325390,0,3886970504,26.1,0,29687,0,136,773752165,0,2519,2320369953,15771440,48176227,5,0,343,0,249,7664394634,5,7510208599,0,0,1626560922,0,2292603478,4115744954,2513,564470572,1662,132262603,16120097,0,168367,15542383,0
0,12.9,0,113358,248,16,166713,244,1647,981,0,464464458,2963,4222,5412,149301,0,131859199,0,0,31000791,0,28160848,4179393716,5.012877362,0,2588912,0,444137,0,4818949,826393989,303146,805,489855083,20,0,19,125379,205222,510,0,11613820,2963,1824469420,4016453693,0,4577376,155653,0,112492596,1703513936,56,0,19,0,13331,0,0,7916,60,85458354,0,3798680188,3245349897,593009,120271,479735715,0,0,2990660052,111982876,0,61171,13525616,322,0,618206524,14457,1779841612,0,2825281580,23.1,2790,185341,0,91,621771703,0,1736,1743963867,10913010,29138626,15,0,329,0,157,5934821638,5,5611762411,0,0,1626560931,0,1719440110,2947848932,9393,497915690,1651,89250254,10966142,0,81102,10708121,0
0,5.9,0,1383,74,20,3522,57,689,329,0,89161142,4168,1463,195,104854,0,4061964,0,0,7654264,0,11127145,1776652566,5.008910972,0,48385,0,81119,0,688212,369876503,64066,274,114658883,65,0,22,9388,2522,213,0,1994975,4169,606325770,1492940626,0,300366,117475,0,9628097,571084705,12,0,22,0,1660,0,0,9206,28,4114742,0,1366853823,845356539,5911,48464,66847747,0,0,922061726,6422020,0,855,381316,229,0,142391889,12089,705626207,0,971208779,23.3,6,6923,0,47,120271265,0,244,646565638,1316018,7805156,18,0,13,0,60,1727618500,5,1904701966,0,0,1626560940,0,627500436,931728839,1553,162109292,688,2933949,665276,0,16385,934139,0
0,2.9,0,1164,31,25,28987,26,490,175,0,45609111,4744,1170,96,14909,0,37121171,0,0,3461685,0,7488151,283638966,5.011178629,0,186604,0,102679,0,944462,69639426,79209,147,72386725,25,0,26,9363,2102,152,0,10396513,4745,141628327,641162826,0,1287499,17235,0,8656710,256058162,4,0,26,0,1494,0,0,9355,25,6401862,0,364192615,483647467,30036,15909,42816245,0,0,471932904,15212016,0,689,19913085,225,0,118621333,7094,124549970,0,325337307,23.2,0,12776,0,47,68209214,0,249,121915681,9421393,5442841,23,0,8,0,48,875296121,9,1323107153,0,0,1626560954,0,168841164,383690187,2091,26772636,494,7561706,18534078,0,14718,7351003,0
0,3.6,0,1212,31,22,7147,26,531,225,0,64969493,4045,1084,201,3244,0,5165691,0,0,8362763,0,3153080,732265367,5.011490280,0,62627,0,50225,0,233363,42511279,46010,187,26408818,25,0,26,8562,2261,180,0,3981229,4047,132219281,219021929,0,235306,3191,0,3833752,102106943,7,0,26,0,1496,0,0,8565,26,6922647,0,441218963,454468276,29127,4047,31948138,0,0,617263031,3970595,0,761,477544,210,0,38990034,2447,315002513,0,166078489,23.2,0,15308,0,38,39516590,0,371,267680558,3793104,3109345,20,0,15,0,37,1350148654,10,311868608,0,0,1626560962,0,199467299,176418222,1686,34011920,536,3276651,514819,0,11219,2518501,0
0,3.9,0,2194,95,24,46541,89,1147,695,0,44525392,4136,2089,274,22253,0,14535267,0,0,4140292,0,8086948,351577841,5.008846074,0,256569,0,106106,0,1812600,50364767,84076,530,62968446,56,0,26,15185,3715,342,0,1118793,4140,159537386,575221232,0,1352709,24722,0,19526632,260774594,15,0,26,0,3974,0,0,13303,36,10062140,0,750237255,333660908,32812,30199,42336625,0,0,265038893,21003448,0,1174,3658772,268,0,103634738,17117,154409428,0,354347208,23.3,0,23513,0,99,93785190,0,378,155381469,1528681,8346901,20,0,77,0,99,582076358,5,1211933641,0,0,1626560971,0,181857451,438301638,2011,41266426,1145,11142730,3256235,0,21876,1552955,0
0,4.2,0,1515,47,23,6934,42,741,386,0,57461516,4010,1442,121,24647,0,3480106,0,0,7207597,0,5475399,529881374,5.011340202,0,49792,0,55823,0,459400,35406167,46578,281,55395020,31,0,26,8953,2859,223,0,3231182,4010,111213894,206159785,0,981189,26314,0,6572922,101225115,10,0,26,0,1624,0,0,8842,29,9230419,0,474600986,348459029,12824,18470,30407120,0,0,494285999,8601318,0,965,495997,211,0,60571306,7987,252130546,0,296472904,23.3,0,8237,0,64,61887092,0,248,221220818,3088348,4676335,20,0,27,0,65,984283451,8,458459613,0,0,1626560980,0,213215133,179315045,1701,30302042,744,3220283,570606,0,14510,3195779,0
0,4.9,0,1433,65,17,66924,60,866,496,0,37170990,3154,1541,153,8595,0,23847243,0,0,3551698,0,3525761,247627933,5.011262774,0,524877,0,74909,0,227729,83545924,64699,365,30676183,40,0,26,7383,2638,272,0,665491,3156,174487637,457870441,0,320528,8709,0,4010925,227368124,7,0,26,0,1442,0,0,7024,31,2933501,0,425608961,206261100,10128,11202,38851715,0,0,219380092,4594103,0,830,3379028,218,0,43884109,19041,117039783,0,180014477,23.2,0,27887,0,121,41263743,0,44,98090363,487597,3210619,16,0,29,0,104,416174678,6,562556276,0,0,1626560988,0,101382789,420824924,1324,32367635,869,12526912,2821001,0,21577,500895,0
0,3.7,0,1693,80,20,196430,75,1157,700,0,46370115,4304,2049,169,15365,0,60813227,0,0,3961963,0,6997045,314339414,5.009197699,0,413990,0,85901,0,1157289,137368170,72228,477,66537055,64,0,7,12924,2834,309,0,10964111,4304,276302457,577089628,0,1359700,18373,0,10100919,257345394,8,0,7,0,3079,0,0,10342,37,8068841,0,492004418,567850695,50312,11228,68132162,0,0,502260971,15996014,0,794,23164812,227,0,104313202,23069,143722903,0,351946235,23.3,0,135493,0,122,67404233,0,749,134127240,10096985,5101311,16,0,23,0,110,952187265,6,1108015604,0,0,1626560997,0,189703060,551058259,1545,52841344,1161,16819275,21116215,0,17504,8330714,0
0,4,0,1981,100,32,219629,91,1329,802,0,61271257,6191,2395,441,59313,0,65959363,0,0,4781935,0,6829354,357933277,5.011137020,0,529203,0,110457,0,2346641,137437851,97163,543,52487728,87,0,26,15576,3385,329,0,11080583,6194,274533783,1024438296,0,2713714,52289,0,20109618,426681017,16,0,26,0,3612,0,0,13362,40,3841528,0,550360669,691575870,80542,36371,79796137,0,0,538627392,24504684,0,1042,27394589,236,0,91246004,25217,164939537,0,253292807,23.4,0,134496,0,124,80921967,0,963,137951580,9480107,6839025,27,0,18,0,93,1074720017,6,1577590296,0,0,1626561006,0,129976146,536247623,2491,64270123,1333,16646230,22950267,0,17100,9586525,0
0,3.9,0,2059,100,32,8950,91,1284,766,0,62560719,6204,2308,122,186210,0,32495812,0,0,6138570,0,8681287,577489680,5.011375693,0,91413,0,87112,0,2182281,64892336,68497,508,110255313,81,0,26,15441,3679,320,0,13092043,6204,143799385,523088182,0,2564797,196754,0,33031617,208668899,26,0,26,0,3535,0,0,13232,39,18390082,0,605562552,597043070,26892,91496,45689918,0,0,711937427,36005127,0,943,19098703,227,0,124620956,23722,266395338,0,583031685,23.3,0,7093,0,120,140110500,0,518,277428117,12560686,13080093,27,0,21,0,95,1539288683,8,1679762511,0,0,1626561014,0,331682709,262467400,2461,31552431,1289,3421102,17281112,0,15939,10993003,0
0,5.5,0,1680,75,25,15639,70,1125,656,0,41776992,4721,1963,112,40911,0,10513184,0,0,3692589,0,4573482,397826320,5.015422617,0,220691,0,53134,0,1669279,88928150,46716,441,42391799,61,0,26,9909,3027,296,0,890618,4726,190931207,211248016,0,2185674,43527,0,16859403,105548498,15,0,26,0,1629,0,0,10027,34,16965205,0,407516356,219295242,58860,19351,55986276,0,0,217343326,22754346,0,1030,1029052,228,0,49015308,23378,136153274,0,510296879,23.4,0,15600,0,129,73481063,0,444,234539760,2509071,5568295,23,0,20,0,103,565742135,6,367776812,0,0,1626561023,0,299961979,262990664,1890,35017588,1128,6277896,880104,0,18056,3683768,0
0,4.5,0,2505,139,23,47989,133,1552,1010,0,45413409,4124,2684,186,67731,0,13620418,0,0,3679050,0,4758514,362568170,5.011144347,0,190628,0,68530,0,3063356,138642763,63739,728,46716751,97,0,26,14672,4405,429,0,1183404,4127,290855468,502041971,0,2093298,62942,0,32968757,233521288,28,0,26,0,3921,0,0,13412,43,7009271,0,655727267,333023976,87327,32316,64864883,0,0,220877293,24991383,0,1347,3672984,256,0,64081239,26603,159329240,0,319130312,23.4,0,29037,0,149,126797430,0,374,151357935,1413303,11304678,20,0,88,0,133,561970805,8,709810966,0,0,1626561032,0,146787109,536897536,2024,59752297,1553,12608713,2798316,0,26333,1375059,0
0,4.2,0,1542,47,29,248392,38,663,310,0,47090498,5472,1631,418,111356,0,24115154,0,0,3498307,0,8819427,259103449,5.011264570,0,558655,0,101323,0,705933,95268072,91129,233,66447764,35,0,26,14894,2875,197,0,653517,5474,235080605,685661922,0,387309,91864,0,9231970,303718514,8,0,26,0,3553,0,0,12403,30,2703514,0,624683369,369491356,46309,70511,61308035,0,0,204512028,6173529,0,909,6175628,229,0,103946779,3598,116091192,0,162542851,23.4,0,122698,0,45,66552649,0,513,101963376,608708,4973951,24,0,18,0,44,481904557,8,1213832311,0,0,1626561040,0,100906143,419657464,2067,55917721,666,16597391,5593465,0,12663,557047,0
0,2.5,0,1454,47,17,13135,44,727,396,0,68733005,2847,1415,366,7448,0,11613150,0,0,7769951,0,3479707,353064161,5.009338863,0,511093,0,54137,0,280673,95176411,47946,279,28211133,21,0,26,7459,2683,220,0,2277790,2849,249011274,217387132,0,208726,12266,0,3986434,110922190,6,0,26,0,1440,0,0,6978,29,2630558,0,387760414,496314837,70454,7735,61945126,0,0,486700057,4363617,0,963,794140,196,0,41217803,8040,196231561,0,161920082,23.4,0,27050,0,56,41505424,0,356,98057171,801103,3166640,16,0,30,0,47,687211074,8,348146241,0,0,1626561049,0,98652651,199833185,1329,62502539,731,4616110,706624,0,11191,455808,0
0,4.3,0,1458,49,32,30557,40,695,334,0,69385327,6212,1699,412,13317,0,29649928,0,0,8611829,0,3138338,762551601,5.011372428,0,452782,0,53734,0,3341094,117930833,48095,247,51158941,34,0,26,15540,2691,197,0,4022391,6215,316063143,299329706,0,2667963,18600,0,55478950,146833097,11,0,26,0,3565,0,0,13090,30,15621015,0,541351365,644760531,139980,5435,82036957,0,0,484728818,60815441,0,684,10549465,233,0,60860212,3643,298425831,0,519745709,23.4,0,17294,0,44,105195013,0,519,345699728,10818204,7599175,27,0,21,0,47,1269388220,7,1031901837,0,0,1626561057,0,340721072,227549735,2483,83790615,701,4031483,10017942,0,12922,18115449,0
0,3.1,0,1432,38,24,35746,34,690,318,0,56202820,4708,1492,145,71655,0,11373597,0,0,4241540,0,8453057,367331848,5.011207303,0,255347,0,73001,0,3396986,86122529,58561,228,98236005,21,0,26,9530,2631,194,0,16046477,4708,186690383,372136809,0,3000701,74688,0,36715890,190587091,16,0,26,0,1615,0,0,9409,28,3054866,0,379293454,355675132,86507,39329,53570341,0,0,395705031,31903400,0,778,4327111,250,0,114806934,7326,153379393,0,235154903,23.4,0,20795,0,47,110920527,0,377,130421120,15576503,6634497,23,0,28,0,38,836360088,7,1343817650,0,0,1626561066,0,130726539,349104739,2122,34751008,692,9757325,5206782,0,10314,14570032,0
0,4.4,0,1474,51,37,273617,42,669,300,0,50209928,7133,1877,331,83219,0,52703892,0,0,3691836,0,12546338,326298544,5.011335708,0,699928,0,151506,0,2236620,131054857,123661,218,95752210,37,0,26,17431,2669,193,0,10063748,7133,296419911,1169741960,0,2195073,42261,0,18057660,471750992,20,0,26,0,3846,0,0,15273,30,3753681,0,536286917,501605199,57080,76420,74905090,0,0,388422347,18183655,0,812,22538318,239,0,172025729,5490,128700517,0,191674123,23.4,0,101106,0,50,51801424,0,719,126789844,9611023,2861543,31,0,18,0,45,733398518,8,2472645074,0,0,1626561074,0,124136823,466967852,2875,52354906,667,14574598,20067631,0,12449,9109778,0
0,3.7,0,1337,35,22,24888,32,663,312,0,49338759,4401,1483,123,14614,0,50968973,0,0,3704955,0,5620729,300030191,5.063721788,0,217438,0,59792,0,1711565,82148235,54850,225,43011225,20,0,20,10042,2426,195,0,4611677,4402,147774187,456545919,0,2848320,14208,0,14554334,192831599,10,0,20,0,1729,0,0,9888,27,14578631,0,374047459,453295762,32305,14238,43262856,0,0,367768586,24345758,0,854,21583939,233,0,71454292,3546,132796493,0,558636697,23.4,0,12130,0,41,42862200,0,625,186838947,1592564,4442098,20,0,24,0,41,502451375,8,628239816,0,0,1626561083,0,244611499,421528906,1534,24608637,662,7424751,17486399,0,10939,2681935,0
0,3.7,0,1534,70,29,11291,57,785,393,0,51889779,5699,1808,234,123128,0,3685197,0,0,6920802,0,8458194,645728566,5.011141316,0,35888,0,66541,0,1443190,35682559,52671,297,70479270,41,0,26,15434,2732,224,0,4463136,5705,112031688,210669662,0,1760212,158097,0,31257269,97417943,20,0,26,0,3806,0,0,12777,31,18839969,0,647325392,324570910,12732,42761,30026164,0,0,543148911,29645827,0,876,573157,243,0,93300862,7835,284643510,0,514772332,23.4,0,11601,0,53,91962549,0,448,317541124,5734896,9149348,24,0,32,0,45,1167945614,7,841589613,0,0,1626561091,0,303888650,176764135,2093,26058840,787,3277967,555558,0,11629,5844064,0
0,3.7,0,1330,38,22,21180,33,619,291,0,40798967,4006,1304,177,46686,0,10765575,0,0,3217727,0,5116539,270544088,5.011278931,0,291009,0,51812,0,2249954,66479805,47076,211,59404178,22,0,26,9056,2497,191,0,682242,4011,182902735,219741397,0,1123896,60343,0,25202393,100449131,7,0,26,0,1654,0,0,8913,27,3489118,0,367008899,248193421,74761,22880,47597889,0,0,192943689,15603378,0,834,628449,214,0,47757053,3189,112528063,0,193973041,23.4,0,23574,0,38,133073067,0,118,112472124,760149,9670785,20,0,30,0,40,370184262,6,297892111,0,0,1626561100,0,107896080,189207286,1710,41884615,622,4045318,574063,0,11639,763344,0
0,3.1,0,1363,43,17,10060,37,647,322,0,29082074,3135,1310,88,61471,0,3809063,0,0,3093574,0,3430237,307821552,5.013555682,0,27911,0,49856,0,2185863,34483061,46144,233,40207399,23,0,26,7037,2587,198,0,796345,3138,105547231,203248121,0,2161925,62671,0,23230749,91309135,8,0,26,0,1266,0,0,6633,28,9541707,0,369006096,172014969,7952,31610,29699641,0,0,203454800,20805542,0,850,587058,207,0,38630056,19426,124944462,0,370289757,23.4,0,10438,0,66,102114591,0,293,150929837,1280341,8217094,16,0,18,0,52,424543208,6,402707770,0,0,1626561108,0,189420021,174412492,1309,25386479,645,2809307,497999,0,13466,1807532,0
0,3.6,0,1415,43,25,13618,38,705,351,0,51947331,4737,1626,121,30559,0,27326676,0,0,5649738,0,3442708,481989294,5.011203971,0,126852,0,50573,0,2159289,65152740,46540,241,62516158,24,0,26,9528,2532,193,0,4671367,4743,145328287,304090820,0,2475026,38397,0,60406930,130996859,8,0,26,0,1598,0,0,9493,28,13292494,0,384836567,452465501,23848,22496,42379004,0,0,536099540,62294245,0,792,13221334,239,0,56699314,4452,208045587,0,605149564,23.5,0,15951,0,49,130085407,0,631,224946853,2509999,8828286,23,0,28,0,45,832709017,7,637021329,0,0,1626561117,0,281203851,227687992,2126,25681286,703,3385110,12996932,0,10941,3209487,0
0,3.2,0,1383,40,25,19514,35,674,328,0,70125214,4742,1471,178,12574,0,7135026,0,0,5887861,0,3485813,433705350,5.011063223,0,205555,0,63794,0,5083707,63210034,57065,228,47206580,22,0,26,9742,2563,193,0,24725810,4747,178620517,483026451,0,5029683,23518,0,48050188,222000819,13,0,26,0,1634,0,0,9585,27,10871505,0,318624894,409883872,88728,7245,47636577,0,0,452004027,58372178,0,854,2559721,232,0,58947931,7533,175322429,0,514351350,23.5,0,10935,0,51,100195414,0,378,174872030,20716719,7667697,23,0,27,0,44,907447581,7,1055996053,0,0,1626561125,0,233240083,251400698,2151,46007730,677,4307989,4160851,0,12113,19096208,0
0,5.6,0,40553,111,37,46561,102,1031,563,0,148315307,7344,2858,6426,42067,0,64886428,0,0,16230395,0,13126523,2017889640,5.011535957,0,419544,0,206414,0,2501227,231842204,152865,396,193683074,46,0,26,68980,79948,249,0,13439357,7344,574567199,1682603520,0,4301154,43113,0,83028041,710173663,15,0,26,0,10480,0,0,13154,55,57092936,0,1428988762,1306813432,153168,22420,124606285,0,0,1565144962,84875240,0,22464,13277364,298,0,241746075,10753,857536800,0,1783431534,23.4,0,86096,0,71,261031387,0,2231,1038277655,14343179,13672267,27,0,92,0,74,3630856369,5,2582542636,0,0,1626561134,0,1121237427,998459425,4465,133089625,1033,36760216,13053866,0,30281,14337566,0
0,3.8,0,1310,37,22,4592,32,641,299,0,50255504,3988,1386,194,23958,0,5587579,0,0,5482425,0,2628249,382478095,5.011299831,0,58469,0,51790,0,2446691,42172246,47372,213,22615374,23,0,26,9057,2412,190,0,1888790,3992,120118148,210052364,0,2271356,47712,0,25822601,98066659,7,0,26,0,1661,0,0,8923,26,11085997,0,457531413,293369892,6843,8625,29263327,0,0,382872972,24561915,0,839,586423,219,0,35814194,4018,174676929,0,392140605,23.4,0,9858,0,40,88032335,0,246,180029120,1804435,7737307,20,0,19,0,42,637477195,7,387384566,0,0,1626561142,0,201482010,159599514,1710,23384756,642,3182816,570512,0,12827,2171302,0
0,3.7,0,1381,56,22,45408,51,832,450,0,34055805,4000,1652,136,33591,0,18061087,0,0,3199381,0,3327891,356196405,5.011147300,0,320732,0,76709,0,369755,66197765,69002,305,30779105,29,0,26,9345,2433,235,0,829128,4002,142864314,483079501,0,476548,34288,0,5655856,242987776,6,0,26,0,1772,0,0,9171,30,6140321,0,470645246,248389974,9495,19107,30600091,0,0,256856283,5443747,0,827,4215370,226,0,45269879,11095,147380400,0,229222970,23.3,0,27796,0,67,44204059,0,247,171275262,1518645,3625296,20,0,22,0,54,548273985,6,520431203,0,0,1626561151,0,159283591,447072676,1718,25312961,833,13373632,3613323,0,13149,1575169,0
0,3.1,0,1225,36,17,3365,31,586,277,0,37978394,3138,1184,121,68482,0,5622907,0,0,3281755,0,8006457,245888985,5.011206957,0,72185,0,66175,0,1284963,44030191,52352,218,77635479,31,0,26,6623,2218,196,0,556998,3140,116468986,218556904,0,487904,76425,0,13861031,98825060,8,0,26,0,1148,0,0,6394,27,2124342,0,339550116,183564834,7589,23676,27029817,0,0,182575865,7701826,0,801,389477,205,0,90728184,6450,115695352,0,167930826,23.4,0,16004,0,41,88945163,0,232,98722581,496428,6278624,16,0,3,0,40,364015102,6,711605609,0,0,1626561160,0,95983213,168739894,1286,24498227,588,3852744,548657,0,9644,454803,0
0,3.8,0,1585,77,27,7911,65,855,493,0,73839669,5327,1649,234,78806,0,8105042,0,0,11131648,0,7615176,601721728,5.011284099,0,266445,0,67873,0,968072,63521596,50389,377,68826886,63,0,26,15368,2898,266,0,6038683,5332,187807204,220358184,0,1236940,121439,0,25278014,97588237,10,0,26,0,3937,0,0,11729,35,15441586,0,592026856,549807328,61017,36325,48281718,0,0,649860083,26406255,0,958,549706,213,0,87428711,24867,304184094,0,393267442,23.4,0,12382,0,84,86283303,0,444,239119541,5333386,8255889,22,0,14,0,76,1206344728,6,755688900,0,0,1626561168,0,230846893,201920413,1817,53276664,859,4291635,421291,0,16354,4985685,0
0,4.4,0,1560,62,33,8473,52,899,462,0,85970570,5734,2016,251,23882,0,37380538,0,0,10207306,0,6290343,653569937,5.011247854,0,101944,0,72534,0,4159254,78563898,60863,330,64344227,56,0,34,13241,2825,251,0,17722471,5736,166507348,488477117,0,5039768,16401,0,31381256,197628960,11,0,34,0,2868,0,0,12002,32,13291586,0,501677296,781715289,65367,17924,54058588,0,0,892176997,37618910,0,834,11051899,270,0,75857081,25135,301708658,0,482851612,23.3,0,5524,0,81,74474846,0,649,281578968,15023246,4994843,29,0,2,0,75,1626941565,4,611787664,0,0,1626561177,0,277138445,287461646,2452,38700193,900,3194744,8106477,0,15736,13815676,0
0,3.1,0,1607,55,30,33663,49,888,482,0,86173217,5577,1883,290,17569,0,39478916,0,0,8258208,0,6290339,719181662,5.008776557,0,247088,0,65393,0,2998104,95912741,56376,331,62393522,48,0,26,11188,3014,244,0,18102654,5579,211232508,421031772,0,2870855,9924,0,25310657,179925695,10,0,26,0,1878,0,0,11604,31,4454335,0,444276834,790050807,97663,15508,67358968,0,0,854947657,25367890,0,1010,5880160,242,0,81473642,30678,348534052,0,221425867,23.4,0,14445,0,84,62315843,0,710,262522840,14251795,3711310,27,0,17,0,72,1852153233,7,650100316,0,0,1626561185,0,169214467,345628285,2524,55437418,891,5293163,3280737,0,12929,12417355,0
0,4.2,0,1428,57,34,142032,48,722,350,0,85548025,6414,1726,472,6085,0,46143626,0,0,11461511,0,3522748,596315719,5.010526275,0,691131,0,79030,0,1620593,172194076,67194,279,54402761,52,0,26,14827,2485,207,0,5618663,6417,383706559,496614992,0,1093123,8472,0,40261945,217044769,14,0,26,0,3137,0,0,13811,30,3690266,0,526944583,692652310,146863,6593,89336711,0,0,784960189,40099260,0,721,12649420,237,0,70604027,8447,281551401,0,274684489,23.4,0,106125,0,51,75007893,0,587,154566156,12096523,4058889,29,0,4,0,46,1282793916,5,1201316921,0,0,1626561193,0,144307836,398777490,2698,91606316,726,13930583,11801183,0,12512,15493120,0
0,3.8,0,1276,40,26,152177,31,543,232,0,37954775,4834,1154,89,87594,0,23009904,0,0,3622757,0,6763836,266910524,5.011308758,0,518112,0,86490,0,61403,77933630,79297,197,56539248,35,0,26,12098,2380,187,0,888783,4834,186137304,627385692,0,200988,71631,0,3743857,318579041,12,0,26,0,2736,0,0,10776,27,2615567,0,489473483,169349369,7560,55874,39640625,0,0,224545477,2791839,0,756,6480592,212,0,77736364,1571,125693586,0,167681679,23.5,0,41809,0,29,54520810,0,315,97500661,501274,3833690,22,0,9,0,32,417178739,8,934075971,0,0,1626561202,0,98111103,506153867,1882,27814175,542,16668953,6446900,0,11136,493322,0
